<extension type="plugin" group="system" version="4.0" method="upgrade">
  <!-- Removed client="site" -->
  <name>PLG_SYSTEM_SAGUTIDLOADER</name>
  <author>Tiemen R Tuinstra</author>
  <version>23.13.0</version>
  <description>PLG_SYSTEM_SAGUTIDLOADER_XML_DESCRIPTION</description>
  <files>
    <filename plugin="sagutidloader">sagutidloader.php</filename>
    <folder>assets</folder>
    <folder>assets/dist</folder>
    <file>assets/dist/main.bundle.js</file>
    <file>assets/dist/styles.bundle.css</file>
    <folder>language</folder>
  </files>
  <languages>
    <language tag="en-GB">language/en-GB/en-GB.plg_system_sagutidloader.ini</language>
    <language tag="en-GB">language/en-GB/en-GB.plg_system_sagutidloader.sys.ini</language>
    <language tag="nl-NL">language/nl-NL/nl-NL.plg_system_sagutidloader.ini</language>
    <language tag="nl-NL">language/nl-NL/nl-NL.plg_system_sagutidloader.sys.ini</language>
  </languages>
  <config>
    <fields name="params">
      <fieldset name="basic" label="PLG_SYSTEM_SAGUTIDLOADER_FIELDSET_BASIC" class="sagutidloader">
        <field name="debug" type="checkbox" default="0" label="PLG_SYSTEM_SAGUTIDLOADER_FIELD_SAGUTIDLOADER_LABEL_DEBUG" description="PLG_SYSTEM_SAGUTIDLOADER_FIELD_SAGUTIDLOADER_DESC_DEBUG" />
        <field name="diagnostics_status" type="custom" label="PLG_SYSTEM_SAGUTIDLOADER_DIAGNOSTICS_LABEL" description="PLG_SYSTEM_SAGUTIDLOADER_DIAGNOSTICS_DESC" readonly="true" filter="raw" default="" />
      </fieldset>
    </fields>
  </config>
</extension>